Workbook

Sheet EKİP
A1: Başvuran | B1: Aşama | C1: Kurucu | D1: Ekip | E1: CV | F1: Görüşmeyi yapan | G1: Puan | H1: Ücret | I1: Hisse | J1: Notlar
A2: Burak Akcakanat | B2: İşe alım | C2: Kurucu/Business | D2: Kurucu | G2: 0
A3: U. Barış Terzioğlu | B3: Görüşme | C3: Kurucu/CTO | D3: Kurucu | G3: 0
B4: Karar bekleniyor | C4: CFO | D4: 1. ekip | G4: 0
C5: COO | G5: 0
B6: İşe alım yok | C6: Product Manager | D6: 1. ekip | G6: 0
C7: Front End | D7: 1. ekip | G7: 0
C8: Back End | D8: 1. ekip | G8: 0
C9: Mobile Dveloper | D9: 1. ekip | G9: 0
C10: Test Eng | D10: 1. ekip | G10: 0
C11: Data Analyst | D11: 2. ekip | G11: 0
C12: Dev Ops/server, Hosting | G12: 0
C13: Topluluk Yöneticisi Sosyal Medya+ Ambassadors | G13: 0
C14: Content Üreticisi | G14: 0
C15: Event Coordinator | G15: 0
C16: Partnership Manager/ Anlaşmalı yerler yöneticisi | G16: 0
C17: Advisor/ Investment_VC | G17: 0
G18: 0
G19: 0
G20: 0
G21: 0
G22: 0
G23: 0
G24: 0
G25: 0
G26: 0
G27: 0
G28: 0
G29: 0
... G35: 0
A36: TOPLAM | C36: ÜCRET+HİSSE TOPLAMLAR SATIRI | H36: =SUM(H2:H35) -> 0 | I36: =SUM(I2:I35) -> 0 | J36: TOPLAM/ÜCRET/HİSSE

Sheet KESİN OLMAYAN HİSSE DAĞILIMI
A1: Rol | B1: Maaş Seviyesi | C1: ÖRNEK Hisse Opsiyonu (ESOP %'si) | D1: Not | E1: KESiNLEŞEN HİSSE | F1: KESİNLEŞEN ÜCRET | G1: ÜCRET GEÇERLİLİK | H1: VEST | I1: CLIFF
A2: Product Manager | B2: Orta / Yüksek | C2: %1.0 - %2.5 | D2: Ürün vizyonu ve roadmap sorumluluğu. | H2: 4 | I2: 1
A3: Back End Developer | B3: Yüksek | C3: %1.0 - %2.0 | D3: Sistemin kalbi, mimari sorumluluk. | H3: 4 | I3: 1
A4: Mobile Developer | B4: Yüksek | C4: %0.75 - %1.5 | D4: Kullanıcı deneyiminin ana kanalı. | H4: 4 | I4: 1
A5: Front End Developer | B5: Orta / Yüksek | C5: %0.5 - %1.25 | D5: Görselleştirme ve etkileşim. | H5: 4 | I5: 1
A6: DevOps / Server | B6: Yüksek | C6: %0.5 - %1.0 | D6: Kesintisiz çalışma ve ölçekleme kritikliği. | H6: 4 | I6: 1
A7: Test Engineer | B7: Orta | C7: %0.2 - %0.5 | D7: Kalite güvence, genellikle daha düşük hisse. | H7: 4 | I7: 1
A8: Rol | B8: Maaş Seviyesi | C8: Hisse Opsiyonu (ESOP %'si) | D8: Not | H8: 4 | I8: 1
A9: Data Analyst | B9: Orta / Yüksek | C9: %0.3 - %0.7 | D9: Karar destek mekanizması. | H9: 4 | I9: 1
A10: Partnership Manager | B10: Orta + Prim | C10: %0.4 - %0.8 | D10: İş geliştirme ve gelir odaklılık. | H10: 4 | I10: 1
A11: Community / Social Media | B11: Orta | C11: %0.1 - %0.3 | D11: Marka sadakati ve kitle yönetimi. | H11: 4 | I11: 1
A12: Content Üreticisi | B12: Orta / Düşük | C12: %0.1 - %0.2 | D12: Genellikle "Freelance" veya "Outsource" edilebilir. | H12: 4 | I12: 1
A13: Event Coordinator | B13: Orta | C13: %0.1 - %0.25 | D13: Dönemsel yoğunluklu işler. | H13: 4 | I13: 1
... A15: Advisor / Investment | B15: Genellikle Maaşsız | C15: %0.25 - %1.0 | D15: Ağ (Network) ve sermaye erişimi sağlar. | H15: 4 | I15: 1
A18: GEMINI | B18: ÖRNEK ÜCRETLER
A19: Rol | B19: Almanya (EUR €) | C19: Londra (GBP £) | D19: Dubai (AED - Yıllık)*
A20: Product Manager | B20: 75.000 - 110.000 | C20: 70.000 - 105.000 | D20: 300.000 - 480.000
A21: Back End Developer | B21: 70.000 - 95.000 | C21: 65.000 - 100.000 | D21: 280.000 - 450.000
A22: Mobile Developer | B22: 70.000 - 90.000 | C22: 65.000 - 95.000 | D22: 260.000 - 420.000
A23: Front End Developer | B23: 65.000 - 85.000 | C23: 60.000 - 90.000 | D23: 240.000 - 380.000
A24: DevOps / Server | B24: 80.000 - 115.000 | C24: 75.000 - 110.000 | D24: 320.000 - 500.000
A25: Test Engineer | B25: 55.000 - 75.000 | C25: 50.000 - 75.000 | D25: 180.000 - 300.000
A26: Data Analyst | B26: 60.000 - 85.000 | C26: 55.000 - 80.000 | D26: 220.000 - 350.000
A27: Partnership Manager | B27: 55.000 - 80.000 + Prim | C27: 50.000 - 85.000 + Prim | D27: 240.000 - 400.000
A28: Community Manager | B28: 45.000 - 65.000 | C28: 40.000 - 65.000 | D28: 180.000 - 280.000
A29: Content Üreticisi | B29: 40.000 - 60.000 | C29: 35.000 - 60.000 | D29: 150.000 - 250.000
A30: Event Coordinator | B30: 45.000 - 65.000 | C30: 40.000 - 70.000 | D30: 180.000 - 300.000
A32: ÜCRET BÜTÇESİ
A33: Lokasyon | B33: Toplam (Alt Sınır) | C33: Toplam (Üst Sınır) | D33: Para Birimi
A34: Almanya (Berlin/Münih) | B34: 660000 | C34: 925000 | D34: EUR (€)
A35: Londra | B35: 605000 | C35: 935000 | D35: GBP (£)
A36: Dubai | B36: 2550000 | C36: 4110000 | D36: AED

Sheet GÖRVE TANIMLARI
B2: POZİSYON | C2: GÖREV TANIMI
B3: ='EKİP'!C2 -> Kurucu/Business
B4: ='EKİP'!C3 -> Kurucu/CTO
B5: ='EKİP'!C4 -> CFO
B6: ='EKİP'!C5 -> COO
B7: ='EKİP'!C6 -> Product Manager
B8: ='EKİP'!C7 -> Front End
B9: ='EKİP'!C8 -> Back End
B10: ='EKİP'!C9 -> Mobile Dveloper
B11: ='EKİP'!C10 -> Test Eng
B12: ='EKİP'!C11 -> Data Analyst
B13: ='EKİP'!C12 -> Dev Ops/server, Hosting
B14: ='EKİP'!C13 -> Topluluk Yöneticisi Sosyal Medya+ Ambassadors
... B22: ='EKİP'!C21
